{"schemaVersion":"1.0","appDefinitionTemplate":{"id":"/providers/Microsoft.PowerApps/apps/","type":"Microsoft.PowerApps/apps","tags":{"primaryDeviceWidth":"1366","primaryDeviceHeight":"768","sienaVersion":"20230904T162616Z-3.23082.20.0","deviceCapabilities":"","supportsPortrait":"false","supportsLandscape":"true","primaryFormFactor":"Tablet","publisherVersion":"3.23082.20","minimumRequiredApiVersion":"2.2.0","hasComponent":"false","hasUnlockedComponent":"false","isUnifiedRootApp":"false","showStatusBar":"false"},"properties":{"appVersion":"2023-09-04T16:26:16Z","lifeCycleId":"Published","createdByClientVersion":{"major":3,"minor":23082,"build":20,"revision":0,"majorRevision":0,"minorRevision":0},"minClientVersion":{"major":3,"minor":23082,"build":20,"revision":0,"majorRevision":0,"minorRevision":0},"backgroundColor":"rgba(86, 0, 232, 1)","backgroundImageUri":"/17508362812431060686/Ne2136dcd-242f-497d-81c4-d39cc5e8f214-logoSmallFile","displayName":"Business Card Reader","description":"Business Card Scanner for RealWear","commitMessage":"","appUris":{"documentUri":{"value":"/17508362812431060686/N34b12226-cbaf-4417-9ab2-09a9ed6ee99d-document.msapp"},"imageUris":[],"additionalUris":[]},"createdTime":"0001-01-01T00:00:00Z","lastModifiedTime":"0001-01-01T00:00:00Z","sharedGroupsCount":0,"sharedUsersCount":0,"connectionReferences":{"6bc383e5-c495-452a-b5a5-02ffcb84ecc5":{"id":"c9b7399f-7311-44c1-bfb3-4ae356262a4a","displayName":"SharePoint","iconUri":"https://connectoricons-prod.azureedge.net/u/shgogna/globalperconnector-train1/1.0.1639.3312/sharepointonline/icon.png","dataSources":["Business Cards"],"dependencies":[],"dependents":[],"parameterHints":{},"parameterHintsV2":{},"isOnPremiseConnection":false,"bypassConsent":false,"dataSets":{"https://realwear.sharepoint.com/sites/PowerApps":{"dataSources":{"Business Cards":{"tableName":"3a6d3a35-a334-43eb-855c-b37a5d98b90c"}}}},"apiTier":"Standard","isCustomApiConnection":false,"actions":["providers/PowerPlatform.Governance/Operations/Read","providers/PowerPlatform.Governance/Operations/Write"]}},"databaseReferences":{"default.cds":{"databaseDetails":{"referenceType":"Environmental","environmentName":"default.cds","overrideValues":{"status":"NotSpecified"}},"dataSources":{"43b0dc67-68af-47ae-9a9c-9e69d396ba3e":{"entitySetName":"msdyn_aimodels","logicalName":"msdyn_aimodel"}},"components":[{"componentName":"msdyn_AIModel","identifier":"a0440df3-2656-e911-8194-000d3a6cd5a5","identifierType":"UniqueId"}]}},"almMode":"Environment","performanceOptimizationEnabled":true,"canConsumeAppPass":true,"enableModernRuntimeMode":false,"executionRestrictions":{"isTeamsOnly":false,"dataLossPreventionEvaluationResult":{"status":"Compliant","lastEvaluationDate":"2023-08-23T16:52:42.9938481Z","violations":[],"violationsByPolicy":[],"violationErrorMessage":"The app uses the following connectors: shared_sharepointonline, shared_logicflows, shared_commondataservice."},"httpActionRestriction":{"appUsesSharepointHttpAction":false,"enforcementStrategy":"Legacy","evaluationTime":"2023-08-23T16:52:42.9937572Z"}}},"appType":"ClassicCanvasApp","appComponents":[]}}