{"schemaVersion":"1.0","appDefinitionTemplate":{"id":"/providers/Microsoft.PowerApps/apps/","type":"Microsoft.PowerApps/apps","tags":{"primaryDeviceWidth":"1366","primaryDeviceHeight":"768","sienaVersion":"20230927T102357Z-3.23092.13.0","deviceCapabilities":"","supportsPortrait":"false","supportsLandscape":"true","primaryFormFactor":"Tablet","publisherVersion":"3.23092.13","minimumRequiredApiVersion":"2.2.0","hasComponent":"false","hasUnlockedComponent":"false","isUnifiedRootApp":"false","showStatusBar":"false"},"properties":{"appVersion":"2023-09-27T10:23:57Z","lifeCycleId":"Published","createdByClientVersion":{"major":3,"minor":23092,"build":13,"revision":0,"majorRevision":0,"minorRevision":0},"minClientVersion":{"major":3,"minor":23092,"build":13,"revision":0,"majorRevision":0,"minorRevision":0},"backgroundColor":"rgba(86, 0, 232, 1)","backgroundImageUri":"/1612876046363597470/N9eb4863e-74e0-42bb-82ea-69b744b8fa9d-logoSmallFile","displayName":"Thermal Image Capture","description":"Thermal Camera Reader","commitMessage":"","appUris":{"documentUri":{"value":"/1612876046363597470/N9a530f75-ba07-49ca-af8a-e543838528c0-document.msapp"},"imageUris":[],"additionalUris":[]},"createdTime":"0001-01-01T00:00:00Z","lastModifiedTime":"0001-01-01T00:00:00Z","sharedGroupsCount":0,"sharedUsersCount":0,"connectionReferences":{"6bc383e5-c495-452a-b5a5-02ffcb84ecc5":{"id":"c9b7399f-7311-44c1-bfb3-4ae356262a4a","displayName":"SharePoint","iconUri":"https://connectoricons-prod.azureedge.net/releases/v1.0.1656/1.0.1656.3432/sharepointonline/icon.png","dataSources":["MECInsightCapture"],"dependencies":[],"dependents":["73e196f2-98d5-439b-b4ff-136ce18c4252"],"parameterHints":{},"parameterHintsV2":{},"isOnPremiseConnection":false,"bypassConsent":false,"dataSets":{"https://realwear.sharepoint.com/sites/PowerApps":{"dataSources":{"MECInsightCapture":{"tableName":"497f8a3b-e9c6-4785-9729-b7e09e57ad7b"}}}},"apiTier":"Standard","isCustomApiConnection":false},"73e196f2-98d5-439b-b4ff-136ce18c4252":{"id":"47d3a82b-6bba-4d6f-b5e1-38995a68af82","displayName":"Logic flows","iconUri":"https://connectoricons-prod.azureedge.net/releases/v1.0.1653/1.0.1653.3403/logicflows/icon.png","dataSources":["SaveInsight"],"dependencies":["6bc383e5-c495-452a-b5a5-02ffcb84ecc5"],"dependents":[],"parameterHints":{"workflowName":{"value":"0085f775-fe74-44cf-94c0-6b11b98fa0e6"},"workflowEntityId":{},"6bc383e5-c495-452a-b5a5-02ffcb84ecc5":{"value":"shared_sharepointonline"}},"parameterHintsV2":{"workflowName":{"value":"0085f775-fe74-44cf-94c0-6b11b98fa0e6"},"workflowEntityId":{},"shared_sharepointonline":{"value":"6bc383e5-c495-452a-b5a5-02ffcb84ecc5"}},"isOnPremiseConnection":false,"bypassConsent":false,"dataSets":{},"apiTier":"Standard","isCustomApiConnection":false,"actions":["Run"],"nestedActions":[{"id":"/providers/Microsoft.PowerApps/apis/shared_sharepointonline/apiOperations/CreateFile","apiName":"SharePoint","actionName":"CreateFile","referencedResources":[{"key":"site","value":"https://realwear.sharepoint.com/sites/PowerApps"}]},{"id":"/providers/Microsoft.PowerApps/apis/shared_sharepointonline/apiOperations/PatchFileItem","apiName":"SharePoint","actionName":"PatchFileItem","referencedResources":[{"key":"site","value":"https://realwear.sharepoint.com/sites/PowerApps"},{"key":"list","value":"497f8a3b-e9c6-4785-9729-b7e09e57ad7b"}]}]}},"databaseReferences":{"default.cds":{"databaseDetails":{"referenceType":"Environmental","environmentName":"default.cds","overrideValues":{"status":"NotSpecified"}},"dataSources":{"43b0dc67-68af-47ae-9a9c-9e69d396ba3e":{"entitySetName":"msdyn_aimodels","logicalName":"msdyn_aimodel"}},"components":[{"componentName":"msdyn_AIModel","identifier":"86419a67-205a-454f-b6fc-601394f2786d","identifierType":"UniqueId"}]}},"almMode":"Solution","performanceOptimizationEnabled":true,"canConsumeAppPass":true,"enableModernRuntimeMode":false,"executionRestrictions":{"isTeamsOnly":false,"dataLossPreventionEvaluationResult":{"status":"Compliant","lastEvaluationDate":"2023-09-27T10:24:31.3553321Z","violations":[],"violationsByPolicy":[],"violationErrorMessage":"The app uses the following connectors: shared_sharepointonline, shared_logicflows, shared_commondataservice."},"httpActionRestriction":{"appUsesSharepointHttpAction":false,"enforcementStrategy":"Legacy","evaluationTime":"2023-09-27T10:24:31.3552494Z"}}},"appType":"ClassicCanvasApp","appComponents":[]}}