{"name":"dcc38658-4caa-4992-8770-cac488de63c7","id":"/providers/Microsoft.Flow/flows/dcc38658-4caa-4992-8770-cac488de63c7","type":"Microsoft.Flow/flows","properties":{"apiId":"/providers/Microsoft.PowerApps/apis/shared_logicflows","displayName":"SaveInsight","definition":{"metadata":{"workflowEntityId":null,"processAdvisorMetadata":null,"flowChargedByPaygo":null,"flowclientsuspensionreason":"None","flowclientsuspensiontime":null,"flowclientsuspensionreasondetails":null,"creator":{"id":"986e58dc-daf2-48d3-9cec-ede062aa96a5","type":"User","tenantId":"3fb8c4c4-8d65-442d-8093-6d8790fc6b85"},"provisioningMethod":"FromDefinition","failureAlertSubscription":true,"clientLastModifiedTime":"2023-08-10T15:48:48.5015438Z"},"$schema":"https://schema.management.azure.com/providers/Microsoft.Logic/schemas/2016-06-01/workflowdefinition.json#","contentVersion":"1.0.0.0","parameters":{"$connections":{"defaultValue":{},"type":"Object"},"$authentication":{"defaultValue":{},"type":"SecureObject"}},"triggers":{"manual":{"metadata":{"operationMetadataId":"d72ba82a-a571-415a-9e32-f1f138bde233"},"type":"Request","kind":"PowerApp","inputs":{"schema":{"type":"object","properties":{"Createfile_FileName":{"type":"string","description":"Name of the file.","x-ms-powerflows-param-ispartial":false},"Createfile_FileContent":{"type":"string","format":"binary","description":"Content of the file.","x-ms-powerflows-param-ispartial":false},"Updatefileproperties_Temperature":{"type":"string","x-ms-powerflows-param-ispartial":false},"Updatefileproperties_Description":{"type":"string","x-ms-powerflows-param-ispartial":false}},"required":["Createfile_FileName","Createfile_FileContent","Updatefileproperties_Temperature","Updatefileproperties_Description"]}}}},"actions":{"Create_file":{"runAfter":{"Compose":["Succeeded"]},"metadata":{"operationMetadataId":"3dec6c83-1a52-4b3d-b018-8b7efa09eeac"},"type":"OpenApiConnection","inputs":{"host":{"apiId":"/providers/Microsoft.PowerApps/apis/shared_sharepointonline","connectionName":"shared_sharepointonline","operationId":"CreateFile"},"parameters":{"dataset":"https://realwear.sharepoint.com/sites/PowerApps","folderPath":"/Insight Capture","name":"@triggerBody()['Createfile_FileName']","body":"@outputs('Compose')"},"authentication":{"value":"@json(decodeBase64(triggerOutputs().headers['X-MS-APIM-Tokens']))['$ConnectionKey']","type":"Raw"}},"runtimeConfiguration":{"contentTransfer":{"transferMode":"Chunked"}}},"Compose":{"runAfter":{},"metadata":{"operationMetadataId":"2a0fcf61-f31f-4244-a319-3a80dc8f00e9"},"type":"Compose","inputs":"@base64ToBinary(triggerBody()['Createfile_FileContent'])"},"Update_file_properties":{"runAfter":{"Create_file":["Succeeded"]},"metadata":{"operationMetadataId":"416fe964-10c0-417d-a204-03eaa56216ca"},"type":"OpenApiConnection","inputs":{"host":{"apiId":"/providers/Microsoft.PowerApps/apis/shared_sharepointonline","connectionName":"shared_sharepointonline","operationId":"PatchFileItem"},"parameters":{"dataset":"https://realwear.sharepoint.com/sites/PowerApps","table":"497f8a3b-e9c6-4785-9729-b7e09e57ad7b","id":"@outputs('Create_file')?['body/ItemId']","item/Temperature":"@triggerBody()['Updatefileproperties_Temperature']","item/OData__ExtendedDescription":"@triggerBody()['Updatefileproperties_Description']"},"authentication":{"value":"@json(decodeBase64(triggerOutputs().headers['X-MS-APIM-Tokens']))['$ConnectionKey']","type":"Raw"}}}}},"connectionReferences":{"shared_sharepointonline":{"connectionName":"24d70568d55d4548bcaa0e6668580ba4","source":"Invoker","id":"/providers/Microsoft.PowerApps/apis/shared_sharepointonline","tier":"NotSpecified"}},"flowFailureAlertSubscribed":false,"isManaged":false}}